{
    "laps": [
        45.5994758605957,
        44.26616287231445,
        44.51615905761719
    ],
    "min_time": 44.26616287231445,
    "max_jerk": 27.69297646667605
}
