{
    "laps": [
        42.23286056518555,
        41.399539947509766,
        41.516204833984375
    ],
    "min_time": 41.399539947509766,
    "max_jerk": 27.939842870264002
}
