{
    "laps": [
        45.22545623779297,
        44.68033981323242,
        60.56873321533203,
        63.089271545410156,
        63.089271545410156
    ],
    "min_time": 44.68033981323242,
    "max_jerk": 128.1624024348913
}
